WKT,nama,deskripsi
"POLYGON ((106.7780196 -6.3191372, 106.7738216 -6.3500693, 106.7683284 -6.3828251, 106.7648952 -6.4271784, 106.8397396 -6.4449187, 106.858279 -6.3937432, 106.8308132 -6.3527991, 106.7924391 -6.3662258, 106.8102919 -6.3164073, 106.7780196 -6.3191372))",Kota Administrasi Depok, Jawa Barat,
